{"cameraMode":{"drawMode":0,"name":"Shaded","section":"Shading Mode"},"sceneLighting":true,"audioPlay":false,"sceneViewState":{"showFog":true,"showMaterialUpdate":false,"showSkybox":true,"showFlares":true,"showImageEffects":true,"showParticleSystems":true},"in2DMode":false,"pivot":{"x":313.2441711425781,"y":-49.7584228515625,"z":229.39352416992188},"rotation":{"x":-0.19234147667884828,"y":-0.05060388147830963,"z":0.009927334263920784,"w":-0.9799721837043762},"size":177.65940856933595,"orthographic":false}