{"cameraMode":{"drawMode":0,"name":"Shaded","section":"Shading Mode"},"sceneLighting":true,"audioPlay":false,"sceneViewState":{"showFog":true,"showMaterialUpdate":false,"showSkybox":true,"showFlares":true,"showImageEffects":true,"showParticleSystems":true},"in2DMode":false,"pivot":{"x":294.0019836425781,"y":20.286846160888673,"z":374.5},"rotation":{"x":-0.2934541404247284,"y":0.636093258857727,"z":-0.28548553586006167,"w":-0.6540398597717285},"size":426.5448303222656,"orthographic":false}