{"cameraMode":{"drawMode":0,"name":"Shaded","section":"Shading Mode"},"sceneLighting":true,"audioPlay":false,"sceneViewState":{"showFog":true,"showMaterialUpdate":false,"showSkybox":true,"showFlares":true,"showImageEffects":true,"showParticleSystems":true},"in2DMode":false,"pivot":{"x":67.98712921142578,"y":62.96669006347656,"z":38.245426177978519},"rotation":{"x":0.3762938380241394,"y":0.008051487617194653,"z":-0.003253765869885683,"w":0.9264597296714783},"size":15.255765914916993,"orthographic":false}