{"cameraMode":{"drawMode":0,"name":"Shaded","section":"Shading Mode"},"sceneLighting":true,"audioPlay":false,"sceneViewState":{"showFog":true,"showMaterialUpdate":false,"showSkybox":true,"showFlares":true,"showImageEffects":true,"showParticleSystems":true},"in2DMode":false,"pivot":{"x":348.3205871582031,"y":-42.639190673828128,"z":555.7557983398438},"rotation":{"x":0.5168215036392212,"y":0.02063736878335476,"z":-0.012401292100548745,"w":0.855754554271698},"size":763.7796020507813,"orthographic":false}