{"cameraMode":{"drawMode":0,"name":"Shaded","section":"Shading Mode"},"sceneLighting":true,"audioPlay":false,"sceneViewState":{"showFog":true,"showMaterialUpdate":false,"showSkybox":true,"showFlares":true,"showImageEffects":true,"showParticleSystems":true},"in2DMode":false,"pivot":{"x":-19.103361129760743,"y":3.8880937099456789,"z":12.536321640014649},"rotation":{"x":-0.19738487899303437,"y":-0.7875198125839233,"z":0.31711602210998537,"w":-0.49019309878349306},"size":29.29355239868164,"orthographic":false}